<?xml version="1.0" encoding="UTF-8" standalone="no"?><Settings><Setting Name="SourceDirectory" Type="String"><Value>C:\Program Files\Microchip\source\PC_PIC.X\pc_pic_cpu.X\TCPIP Stack\WebPages2</Value></Setting><Setting Name="ProjectDirectory" Type="String"><Value>C:\Program Files\Microchip\source\PC_PIC.X\pc_pic_cpu.X\TCPIP Stack</Value></Setting><Setting Name="ProjectBinFile" Type="String"><Value>C:\Program Files\Microchip\source\TCPIP Demo App\MPFSImg2.bin</Value></Setting><Setting Name="StartWithDirectory" Type="Boolean"><Value>True</Value></Setting><Setting Name="ImageName" Type="String"><Value>MPFSImg2</Value></Setting><Setting Name="UploadImageAfterGenerate" Type="Boolean"><Value>False</Value></Setting><Setting Name="OutputFormat" Type="Byte"><Value>1</Value></Setting><Setting Name="UploadProtocol" Type="Byte"><Value>1</Value></Setting><Setting Name="DynamicFiles" Type="String"><Value>*.htm, *.html, *.cgi, *.xml</Value></Setting><Setting Name="NoCompressFiles" Type="String"><Value>*.inc, snmp.bib</Value></Setting><Setting Name="UploadAddress" Type="String"><Value>MCHPBOARD</Value></Setting><Setting Name="UploadPath" Type="String"><Value>mpfsupload</Value></Setting><Setting Name="UploadUser" Type="String"><Value>admin</Value></Setting><Setting Name="UploadPass" Type="String"><Value>microchip</Value></Setting></Settings>